-- MySQL dump 10.13  Distrib 5.7.24, for Linux (x86_64)
--
-- Host: localhost    Database: 18fasting
-- ------------------------------------------------------
-- Server version	5.7.24-0ubuntu0.18.04.1

/*!40101 SET @OLD_CHARACTER_SET_CLIENT=@@CHARACTER_SET_CLIENT */;
/*!40101 SET @OLD_CHARACTER_SET_RESULTS=@@CHARACTER_SET_RESULTS */;
/*!40101 SET @OLD_COLLATION_CONNECTION=@@COLLATION_CONNECTION */;
/*!40101 SET NAMES utf8 */;
/*!40103 SET @OLD_TIME_ZONE=@@TIME_ZONE */;
/*!40103 SET TIME_ZONE='+00:00' */;
/*!40014 SET @OLD_UNIQUE_CHECKS=@@UNIQUE_CHECKS, UNIQUE_CHECKS=0 */;
/*!40014 SET @OLD_FOREIGN_KEY_CHECKS=@@FOREIGN_KEY_CHECKS, FOREIGN_KEY_CHECKS=0 */;
/*!40101 SET @OLD_SQL_MODE=@@SQL_MODE, SQL_MODE='NO_AUTO_VALUE_ON_ZERO' */;
/*!40111 SET @OLD_SQL_NOTES=@@SQL_NOTES, SQL_NOTES=0 */;

--
-- Table structure for table `Bible`
--

DROP TABLE IF EXISTS `Bible`;
/*!40101 SET @saved_cs_client     = @@character_set_client */;
/*!40101 SET character_set_client = utf8 */;
CREATE TABLE `Bible` (
  `bid` int(11) NOT NULL AUTO_INCREMENT,
  `title` varchar(255) NOT NULL,
  `speaker` varchar(255) NOT NULL,
  `max` int(11) NOT NULL,
  `current` int(11) NOT NULL,
  `details` varchar(3000) DEFAULT NULL,
  PRIMARY KEY (`bid`)
) ENGINE=InnoDB AUTO_INCREMENT=7 DEFAULT CHARSET=utf8;
/*!40101 SET character_set_client = @saved_cs_client */;

--
-- Dumping data for table `Bible`
--

LOCK TABLES `Bible` WRITE;
/*!40000 ALTER TABLE `Bible` DISABLE KEYS */;
INSERT INTO `Bible` VALUES (1,'요한계시록과 복음 (이기는 자가 되라)','이창세 목사',100,97,'1) 요한계시록 큰 그림으로 보기.\n2) 요한계시록과 복음(계시록에 나타난 그리스도 / 영적전쟁/ 우리는 어떻게 이길 수 있는가?)\n3)144,000그들은 누구인가(계7,14장)\n4)요한계시록 각장 문제정리'),(2,'사사기','강춘석 목사',100,22,'우리는 사사기를 단지 하나의 고대 역사서가 아닌 살아있는 ‘하나님의 말씀’으로 믿고 거기에서 오늘날 우리에게 말씀하시는 하나님의 음성을 듣고자 한다'),(3,'기독교 세계관','현지식 목사',100,100,'많은 기독청년들은 예수를 믿고 더 많이 기도하고, 말씀보고, 헌신하려 한다.  그러면 스스로 성장한 것처럼 보이기도 한다.  그러나 얼마 지나지 않아 이전 모습으로 되돌아온 자신의 모습에 좌절한다.  왜 일까?  그리스도인이 되었다는 것은 생각과 사상이 바뀌었다는 것인데 왜 우리의 행동은 변하지 않는가?  청년 그리스도인의 Key word 중 하나인 기독교세계관 형성은 균형 잡힌 순장에게 매우 중요한 영역이다.  기독교세계관의 기초적인 내용을 다룸으로 그리스도의 장성한 분량에 이르는 성숙한 기독청년으로의 시작을 돕고자 한다'),(4,'‘성’(sex)에 대한 팩트 체크','조신형 목사',100,96,'섹스, 사랑 그리고 관계에 대한 성경적 진리\n(The Truth about Sex, Love, and Relationship)'),(5,'행복하게 잘 지내는 방법\n(1학년만 신청가능)','장세영 간사',100,67,'다양한 활동들과 검사들을 통해나를 알고 너를 알아서 좋은 관계를 맺어가고 유지하는 방법(좋은 관계 형성 프로젝트)'),(6,'느헤미야를 통해 본 리더십','이봉희 간사',100,76,'민족의 위기 앞에 철저하게 준비된 실력과 영성으로 외부의 침략과 내부의 분열을 극복하고 이스라엘의 성벽재건을 완성, 영적부흥을 주도한 느헤미야를 통해 배우는 리더십');
/*!40000 ALTER TABLE `Bible` ENABLE KEYS */;
UNLOCK TABLES;
ALTER DATABASE `18fasting` CHARACTER SET latin1 COLLATE latin1_swedish_ci ;
/*!50003 SET @saved_cs_client      = @@character_set_client */ ;
/*!50003 SET @saved_cs_results     = @@character_set_results */ ;
/*!50003 SET @saved_col_connection = @@collation_connection */ ;
/*!50003 SET character_set_client  = utf8 */ ;
/*!50003 SET character_set_results = utf8 */ ;
/*!50003 SET collation_connection  = utf8_general_ci */ ;
/*!50003 SET @saved_sql_mode       = @@sql_mode */ ;
/*!50003 SET sql_mode              = 'ONLY_FULL_GROUP_BY,STRICT_TRANS_TABLES,NO_ZERO_IN_DATE,NO_ZERO_DATE,ERROR_FOR_DIVISION_BY_ZERO,NO_ENGINE_SUBSTITUTION' */ ;
DELIMITER ;;
/*!50003 CREATE*/ /*!50017 DEFINER=`root`@`localhost`*/ /*!50003 TRIGGER registerBible BEFORE UPDATE ON Bible
	FOR EACH ROW BEGIN
		IF NEW.current > NEW.max or NEW.current < 0 THEN
			SIGNAL SQLSTATE '45000';
		END IF;
	END */;;
DELIMITER ;
/*!50003 SET sql_mode              = @saved_sql_mode */ ;
/*!50003 SET character_set_client  = @saved_cs_client */ ;
/*!50003 SET character_set_results = @saved_cs_results */ ;
/*!50003 SET collation_connection  = @saved_col_connection */ ;
ALTER DATABASE `18fasting` CHARACTER SET utf8 COLLATE utf8_general_ci ;

--
-- Table structure for table `Classes`
--

DROP TABLE IF EXISTS `Classes`;
/*!40101 SET @saved_cs_client     = @@character_set_client */;
/*!40101 SET character_set_client = utf8 */;
CREATE TABLE `Classes` (
  `cid` int(11) NOT NULL AUTO_INCREMENT,
  `title` varchar(255) NOT NULL,
  `speaker` varchar(255) NOT NULL,
  `max` int(11) NOT NULL,
  `current` int(11) NOT NULL,
  `details` varchar(3000) DEFAULT NULL,
  `field` varchar(255) DEFAULT NULL,
  PRIMARY KEY (`cid`)
) ENGINE=InnoDB AUTO_INCREMENT=27 DEFAULT CHARSET=utf8;
/*!40101 SET character_set_client = @saved_cs_client */;

--
-- Dumping data for table `Classes`
--

LOCK TABLES `Classes` WRITE;
/*!40000 ALTER TABLE `Classes` DISABLE KEYS */;
INSERT INTO `Classes` VALUES (1,'하나님이 설계하신 나의 영성을 찾기!','이정현 간사',15,15,' 하나님은 당신을 특정한 성품과 특정한 영적 기질의 소유자로 지으셨다. 9가지 영성기질 테스트를 통해 당신의 영성기질을 알아보고 영혼의 정원을 가꾸자!','그리스도인과 삶'),(2,'날마다 큐티 하는 순장','김종철 간사',15,14,'내 삶을 해석하는 큐티의 실제를 경험하고 캠퍼스 내에 큐티 운동을 일으키는 순장이 되어보자.','성경'),(3,'크리스천의 이성교제','김수진 간사',35,35,'세상과 다른 기준인 크리스천의 이성교제에 대해 실제적인 이야기를 나눠보아요.','결혼과 가정'),(4,'포스트 모더니즘 속에 사는 내가 만날 19학번','강성철 간사',15,15,'한국적 포스트모더니즘의 영향 속에서 있는 19학번들이(그리고 나와 나의 친구들 역시) 어떤 생각과 가치관 속에 있는지 현상을 보고 성경적 대안을 살펴보는 시간.','세계관'),(5,'스트레스를 부탁해','이나은 간사',25,25,'매일매일 생기는 스트레스에 대해 자세히 알아가고, 스트레스를 올바르게 관리하고 정서적, 신체적, 영적으로 자신을 건강하게 가꿀 수 있는 방법을 살펴본다.','그리스도인과 삶'),(6,'정서적으로 건강한 영성 만들기','정소림 간사',15,15,'정서적으로 건강하지 않을 때 어떤 어려움이 생기는지 알아보고, 정서적으로 건강한 영성을 발전시키기 위해 필요한 구체적인 방법을 알아본다.','그리스도인과 삶'),(7,'일본 기독교 역사와 선교','길기진 간사',15,15,'오랜 깊이를 갖고 있는 기독교 선교의 역사를 알아보고 어떻게 우리가 일본을 품고 기도하고 선교할 수 있는지에 대해서 나눠보는 시간을 갖는 시간입니다.','선교'),(8,'24‘≠θ','이동수 간사',20,3,'대체 하나님의 뜻은 무엇이지? 성경이 말하는 하나님의 뜻을 알아가길 원하는 모든 사람 모여라!','그리스도인과 삶'),(9,'U & I','양진웅 간사',25,25,'친한 친구,동기인 너와 나 얼마나 맞고 얼마나 안 맞을까? 이고그램을 통해 알아보자!! 친구끼리 같이 모여!!^^','그리스도인과 삶'),(10,'종이 위에 기적, 쓰면 이루어진다','성윤제 간사',20,14,'2019년 새롭게 시작하는 가운데 목표를 정하고 계획을 세우고 실천하자 그러면 그 행동이 다른 곳에서의 움직임을 이끌어 낼 것이다.','그리스도인과 삶'),(11,'관계의 골든타임','진인엽 간사',30,30,'캠퍼스의 4년! 관계에 고민하는 당신, 관계를 풀지 못하는 이유를 하나님과의 관계에서 찾고 관계의 중요성을 알고 가자!','그리스도인과 삶'),(12,'음란마귀와 맞짱뜨기!','박구연 간사',25,25,'그리스도인의 성과 음란물중독에 대해 바로 알고 그리스도인의 거룩함을 회복하자!','그리스도인과 삶'),(13,'고구마만 먹고 있는 당신,','이시온 간사',25,25,'이제는 사이다 좀 마시자!\n강의내용: 사람들과 지내며 고구마만 먹었던 당신, 이 시간 함께 모여 사이다를 마시며 cool 하게 관계 맺는 법을 나누자.','그리스도인과 삶'),(14,'주님안에서 믿음의 모험!','김대욱 간사',20,6,'일상(Daily) : 일상의 기록 / 삶(Life) : 삶의 나눔 / 프레임(Frame) : 시선과 관점 / 믿음의 모험 (Adventure in faith) : 여행과 모험, 믿음과 도전.','그리스도인과 삶'),(15,'어서와! 군틴트는 처음이지?','김성도 간사',20,7,'군대는 어떤 곳인가? 군입대를 앞둔 형제들에 대한 신앙적 조언과 서로의 생각을 나누는 시간!','그리스도인과 삶'),(16,'나를 사랑하게 할 자존감','김윤경 간사',25,25,'나를 사랑하지 못하게 하는것 무엇? 나를 사랑할 비결을 알아보아요~','상담과 치유'),(17,'선교를 보는 눈 넓히기 - MK(Missionary Kids) 선교','강은지 간사',20,3,'선교사의 삶의 한 부분. 선교사 자녀를 MK위한 사역. MK가 누구인지 모르는 순장순원 모여라!','선교'),(18,'새생활의 시작 90분 정복하기','엄기윤 간사',15,11,'내년부터 순모임을 시작할 예비순장들부터 새생활의 시작으로 순모임하는 것에 어려움을 느끼는 순장들까지 모여 90분동안 새생활의 시작의 핵심을 정리하여 ‘내 것’으로 만듦으로 순모임에 도움을 주려고 합니다.','그리스도인과 삶'),(20,'중보기도는 사랑이다♥︎','하예나 간사',25,19,'우리 함께 ‘효과적인 중보기도 방법’을 배움으로 하나님께서 사랑하는 지체들을 더욱 사랑해 보아요~^^','기도'),(21,'세계 학생 선교 운동의 역사','형동희 간사',20,3,'독일 경건주의 운동부터 시작되어 SVM단체를 통해 오늘날 CCC까지 이르는 세계선교의 역사를 배워본다.','선교'),(22,'중독과 은혜','정근호 간사',15,11,'정도의 차이가 있을 뿐 우리 모두는 무언가의 중독에 빠져 있다. 중독을 이해함으로 하나님의 은혜를 깨닫게 되길 소망해본다.','그리스도인과 삶'),(23,'말씀으로 하나님과 친밀해지기','동성재 간사',15,15,'성경 말씀을 통해 단순히 읽는 행위가 아니라, 어떻게 하나님과 친밀해질 수 있는지, 성경을 통한 기도, 변화 등을 다루며 말씀 읽는 것이 더이상 의무가 아니라 기쁨의 시간이 되도록.','성경'),(24,'귀차니즘 극복하기','도유경 간사',25,25,'대학졸업 후에도 무기력에 빠지지 않고, 훈련 받은대로 잘 살아갈 수 있는 방법들을 함께 찾아본다.','그리스도인과 삶'),(25,'삶에서 영적 도약 경험하기','연규운 목사',30,29,'우리의 주위를 주의 깊게 살펴보고 귀를 기울여보라 어느 곳에서나 그것을 느낄 수 있다. 그것은 - 대부분 드러나지는 않지만 - 무엇인가를 바라는 갈망이다. 우리는 지금보다 더 낫고 만족스러운 미래를 꿈꾼다. 이것은 바로 삶의 점프를 갈망하는 것이다. 지금 단계에서 다음 단계로 점프하고 싶은 갈망, 특히 영적으로 한 단계 도약하고 싶은 열망, 그 갈망에서 멈추지 말고 실제로 점프해보자. 그 비결을 찾아가는 경험은 그대를 흥미롭게 할 것이다.','그리스도인과 삶'),(26,'미디어와 세계관','VLM',40,40,'그리스도인은 “하나님의 생각을 따라서” 생각하는 사람이다. 즉 나 자신을 비롯하여 이 세상 전체를 성경의 관점으로 바라보는 사람들이라는 말이다.\n\n그런데 오늘 우리가 살펴볼 미디어라고 하는 것이 때로는 우리에게 매우 유익한 정보를 확장시켜 주기도 하지만 죄로 오염된 생각들이 더 널리 퍼지도록 많은 부분에서 기여하기도 한다.\n\n그래서 오늘 우리는 미디어라는 네모난 상자가 어떠한 방식으로 세상을 보여주는지를, 그리고 그것이 우리에게 어떤 영향을 주는지를 생각해보는 시간을 가져보려고 합니다.','세계관');
/*!40000 ALTER TABLE `Classes` ENABLE KEYS */;
UNLOCK TABLES;
ALTER DATABASE `18fasting` CHARACTER SET latin1 COLLATE latin1_swedish_ci ;
/*!50003 SET @saved_cs_client      = @@character_set_client */ ;
/*!50003 SET @saved_cs_results     = @@character_set_results */ ;
/*!50003 SET @saved_col_connection = @@collation_connection */ ;
/*!50003 SET character_set_client  = utf8 */ ;
/*!50003 SET character_set_results = utf8 */ ;
/*!50003 SET collation_connection  = utf8_general_ci */ ;
/*!50003 SET @saved_sql_mode       = @@sql_mode */ ;
/*!50003 SET sql_mode              = 'ONLY_FULL_GROUP_BY,STRICT_TRANS_TABLES,NO_ZERO_IN_DATE,NO_ZERO_DATE,ERROR_FOR_DIVISION_BY_ZERO,NO_ENGINE_SUBSTITUTION' */ ;
DELIMITER ;;
/*!50003 CREATE*/ /*!50017 DEFINER=`root`@`localhost`*/ /*!50003 TRIGGER registerClass BEFORE UPDATE ON Classes
	FOR EACH ROW BEGIN
		IF NEW.current > NEW.max or NEW.current < 0 THEN
			SIGNAL SQLSTATE '45000';
		END IF;
	END */;;
DELIMITER ;
/*!50003 SET sql_mode              = @saved_sql_mode */ ;
/*!50003 SET character_set_client  = @saved_cs_client */ ;
/*!50003 SET character_set_results = @saved_cs_results */ ;
/*!50003 SET collation_connection  = @saved_col_connection */ ;
ALTER DATABASE `18fasting` CHARACTER SET utf8 COLLATE utf8_general_ci ;

--
-- Table structure for table `Users`
--

DROP TABLE IF EXISTS `Users`;
/*!40101 SET @saved_cs_client     = @@character_set_client */;
/*!40101 SET character_set_client = utf8 */;
CREATE TABLE `Users` (
  `uid` int(11) NOT NULL AUTO_INCREMENT,
  `name` varchar(255) NOT NULL,
  `password` varchar(255) NOT NULL,
  `earth` varchar(255) NOT NULL,
  `campus` varchar(255) NOT NULL,
  `year` varchar(255) NOT NULL,
  `cid` int(11) DEFAULT NULL,
  `bid` int(11) DEFAULT NULL,
  PRIMARY KEY (`uid`),
  KEY `cid` (`cid`),
  KEY `bid` (`bid`),
  CONSTRAINT `Users_ibfk_1` FOREIGN KEY (`cid`) REFERENCES `Classes` (`cid`) ON DELETE SET NULL,
  CONSTRAINT `Users_ibfk_2` FOREIGN KEY (`bid`) REFERENCES `Bible` (`bid`) ON DELETE SET NULL
) ENGINE=InnoDB AUTO_INCREMENT=539 DEFAULT CHARSET=utf8;
/*!40101 SET character_set_client = @saved_cs_client */;

--
-- Dumping data for table `Users`
--

LOCK TABLES `Users` WRITE;
/*!40000 ALTER TABLE `Users` DISABLE KEYS */;
INSERT INTO `Users` VALUES (1,'박준용','jyp0802','대전','카이스트','14',NULL,NULL),(2,'현지식','392766','공주','간사','0',NULL,NULL),(3,'안진아','123','홍성','청운대','17',25,3),(4,'이수정','wjd0324','홍성','혜전대','16',13,3),(5,'정하은','970622','홍성','청운대','16',1,1),(7,'김하민','peace1021','홍성','한서대','18',3,6),(8,'홍진주','3333','홍성','신성대','18',6,1),(9,'나해인','0079','공주','공주교대','16',6,3),(10,'이아현','0000','공주','공주대','16',14,2),(11,'문새힘','npr1945','공주','공주대','17',26,1),(12,'최원경','dhfl8048','공주','한국영상대','16',6,1),(13,'허은혜','eh2396','공주','공주대','17',1,1),(14,'강정구','349943asa!','공주','공주대','14',25,3),(15,'홍지혜','bornagain59','공주','공주대','17',3,6),(16,'오정연','wjddus97!','공주','공주대','16',1,2),(17,'현형인','5044','공주','공주대','17',11,2),(18,'안원기','124578se@@','공주','공주대','14',26,1),(19,'한조이','0714','공주','공주대','17',26,1),(20,'최성빈','5645','홍성','한서대','14',12,1),(21,'신윤재','1234','공주','공주대','13',5,2),(22,'현소예','thdp990116','공주','공주대','17',3,6),(23,'이봉희','9422','세종','간사','0',NULL,NULL),(24,'이래혁','dlfogur99','홍성','한서대','18',3,6),(25,'김지아','ja20043618','홍성','청운대','17',16,1),(26,'오수웅','zxc123','홍성','한서대','18',6,5),(27,'한상필','465285','공주','공주대','18',16,5),(28,'강예은','tmvlzj485','공주','공주대','16',14,3),(29,'한주영','hjy755214','공주','공주대','13',5,2),(30,'김영찬','0821168','공주','공주대','11',25,3),(31,'김서연','0415','공주','공주대','14',23,3),(32,'박정은','tmdfl3963','홍성','한서대','16',5,1),(33,'이소명','1226','홍성','혜전대','18',16,2),(34,'김소현','ksh0226','홍성','청운대','16',1,1),(35,'현주원','0582','세종','간사','10',NULL,NULL),(36,'이동혁','call1234','홍성','혜전대','18',22,5),(37,'양재영','4571','공주','공주교대','17',NULL,1),(38,'김진영','1234','홍성','한서대','11',5,1),(39,'서정민','tsjm952478','홍성','한서대','14',3,1),(40,'황선우','hwang7921*','홍성','혜전대','18',3,5),(41,'이승현','exodus0408','홍성','한서대','18',12,4),(42,'이준기','7720','대전','한남대','14',4,4),(43,'황주헌','y990911','공주','공주대','18',24,5),(44,'김인아','899256','대전','배재대','10',NULL,NULL),(45,'양훈모','3118','대전','한남대','17',7,2),(46,'길기진','a1358011','대전','간사','12',NULL,NULL),(48,'김선민','b487010','세종','홍익대','14',7,1),(49,'유재은','0112','세종','고려대','16',3,1),(50,'이우호','wooho123','대전','한남대','14',3,4),(51,'위지혁','980129','세종','고려대','16',25,3),(52,'강기영','01032279469','대전','충남대','18',13,5),(53,'이선아','991114','대전','충남대','18',18,3),(54,'장진혁','9811','대전','카이스트','18',NULL,5),(55,'송사무엘','991117','대전','충남대','18',18,1),(56,'전지원','cjtsns0118','대전','충남대','18',1,3),(57,'성현식','hs10217!@','대전','충남대','18',18,3),(58,'최종진','as12as','세종','고려대','13',3,3),(59,'황동환','smilehwang98','세종','홍익대','17',16,1),(60,'정수영','0908','대전','배재대','16',3,6),(61,'이호산','ho39273927!','대전','충남대','11',12,6),(62,'이재영','wodud634','대전','한밭대','12',21,2),(63,'백성규','496752','대전','충남대','14',22,NULL),(64,'홍유진','Slotech990919!','대전','충남대','18',18,3),(65,'이내원','jesus25!','대전','한밭대','17',15,4),(66,'전혜원','won154162120','대전','카이스트','17',5,3),(67,'최태빈','9517','대전','한밭대','15',15,3),(69,'한다솜','0000','대전','충남대','16',5,3),(70,'이용현','vnfms231','대전','충남대','13',26,3),(71,'신정헌','159515','대전','한밭대','15',26,1),(72,'곽경헌','3283','대전','한밭대','18',26,3),(73,'윤창준','whistle1078','대전','한밭대','15',7,4),(74,'최재혁','jaky1003','공주','공주대','18',16,5),(75,'류제이','you980324','대전','목원대','17',9,4),(76,'홍성택','sf2023vf','대전','충남대','13',1,1),(77,'한기업','84652glshan','홍성','한서대','18',18,5),(78,'김귀태','1104','대전','과기대','17',2,1),(79,'김에스더','thd392766','대전','충남대','15',26,4),(80,'임혜영','1216','대전','목원대','16',12,4),(81,'경민규','1104','대전','과기대','18',2,1),(82,'장은영','123450','대전','목원대','17',5,1),(83,'김하경','1218','세종','고려대','15',4,1),(84,'권소영','asd159','대전','목원대','16',5,4),(85,'정지수','0105555','대전','충남대','18',1,3),(86,'이미연','aktlapfh2','대전','충남대','17',24,3),(87,'정세영','tpdud9912','대전','충남대','17',1,6),(88,'고경렬','291900rr','대전','카이스트','15',20,3),(89,'노하영','kyky56','대전','충남대','16',1,6),(90,'박민지','star4815','대전','한남대','18',26,5),(91,'손진경','wlq6492','공주','공주대','13',20,1),(92,'장현','eowldi12','대전','목원대','13',6,3),(93,'김수진','gksksla','대전','간사','0',NULL,NULL),(94,'박지용','6054','대전','목원대','12',6,3),(95,'김길중','kim1998gj','세종','고려대','17',3,1),(96,'김현수','1644','대전','카이스트','17',5,3),(97,'양기원','did4852','대전','한밭대','18',12,3),(98,'김영준','dudwns519','대전','한밭대','17',5,3),(99,'심예리','1130','공주','공주대','17',16,3),(100,'장찬희','jj22cksgml','대전','목원대','15',16,6),(101,'이유진','infinite0609','대전','한남대','18',26,5),(102,'임태수','0360','대전','충남대','17',NULL,NULL),(103,'박선교','polygon**2','세종','고려대','13',14,3),(104,'김동진','zoqxls45','대전','대전대','15',6,4),(105,'고윤','1227','대전','목원대','15',5,4),(106,'임한빈','0524','대전','한밭대','15',24,3),(107,'이유라','2146','대전','과기대','15',NULL,NULL),(108,'이석찬','lsc0033','대전','한남대','14',11,3),(109,'전시온','jj0815','대전','한남대','17',10,6),(110,'박예진','9594','대전','한남대','17',16,6),(111,'최소희','thgml25','대전','과기대','16',1,6),(112,'이우경','3950','대전','과기대','16',24,3),(113,'정혜영','hyj9001022','대전','배재대','18',4,5),(114,'박선혜','1813016','대전','배재대','18',4,5),(115,'신은비','1013','대전','우송대','16',NULL,3),(116,'김영광','dudrhkd523','세종','홍익대','14',24,3),(117,'오민주','alswn97','공주','공주대','16',26,2),(119,'정광일','scsc1356','대전','충남대','17',NULL,3),(120,'임예원','dnjsl814','대전','중부대','17',11,4),(121,'봉민종','0928','세종','고려대','18',24,5),(122,'이진윽','tlqkf1','대전','목원대','16',6,6),(123,'이노현','qa156423','대전','대전대','15',7,4),(124,'손기성','gisung3119','대전','충남대','13',23,1),(125,'연하민','456852','대전','한남대','17',16,4),(126,'남미옥','nam07061205','세종','고려대','17',16,1),(127,'이인지','pan710110','대전','배재대','18',4,5),(128,'유나영','258046','대전','한남대','17',2,6),(129,'서수진','moderato1','대전','과기대','18',20,5),(130,'박진우','ckd951159','홍성','청운대','18',23,5),(131,'이효주','0000','대전','한남대','18',2,5),(132,'한소린','960822','대전','한남대','15',9,1),(133,'정송이','892457','대전','우송대','13',25,6),(134,'곽영민','meatpray','세종','홍익대','17',1,3),(135,'김연주','duswn0622','공주','공주대','17',3,4),(136,'최선경','1225','대전','목원대','15',6,6),(137,'황재연','hj960607','대전','한남대','15',9,3),(138,'양희철','h0o8l2y1','대전','한밭대','10',5,5),(139,'박은용','tkfkd1259','대전','배재대','14',20,1),(140,'윤희애','yoon9228','공주','공주대','17',3,3),(141,'변혜원','9614','대전','한남대','15',3,3),(142,'이인호','1234','대전','한남대','14',3,4),(143,'강찬희','cksgml1','대전','카이스트','18',24,6),(144,'최수지','Gksmf543^','대전','한남대','17',7,4),(145,'김재령','1479021','대전','배재대','14',4,1),(146,'박찬민','cksals0294','세종','고려대','18',11,5),(147,'전시아','3130','대전','과기대','18',24,5),(148,'김주용','UBMongolia923','대전','우송대','14',NULL,3),(149,'김정','8291','대전','한남대','16',26,4),(150,'김태영','kty8553','대전','한남대','17',18,NULL),(151,'박민수','!wjddus12','대전','카이스트','17',24,1),(152,'조석희','01028565875','대전','대전대','18',6,3),(153,'윤세영','8618','대전','한남대','16',25,4),(154,'임현우','486','대전','배재대','11',6,1),(155,'이건우','mnbv01091218','대전','카이스트','17',24,3),(156,'신정호간사','12345678','대전','카이스트','10',NULL,NULL),(157,'강은진','rkd16347925','세종','고려대','15',1,3),(158,'박민지','0000','대전','과기대','17',20,6),(159,'박경민','k0393m@#','세종','고려대','16',1,1),(160,'성준호','paul940331*','대전','배재대','13',12,6),(161,'김은남','5819','대전','우송대','15',2,3),(162,'오정훈','a1818726','세종','고려대','14',1,3),(163,'황준하','gkgk2625','세종','홍익대','14',5,3),(164,'추은혜','cn1230','대전','우송대','16',NULL,4),(165,'김성준','kimrla684','홍성','청운대','18',26,1),(166,'서한승','gkstmd25','홍성','한서대','12',16,4),(167,'김해성','gotjd00','대전','한밭대','18',5,3),(168,'노승현','tmdgus98','대전','대전대','17',26,3),(169,'김예지','yj2795136','대전','충남대','15',7,6),(170,'박은지','980926','대전','과기대','17',20,6),(171,'송희석','980810','대전','중부대','17',NULL,NULL),(172,'안소영','Athdud138!','대전','한남대','18',16,5),(173,'김정미','rlawjdal12@','공주','공주대','17',16,3),(174,'이지영','1368','대전','배재대','18',4,3),(175,'장한빝','384135gksqlc','대전','한남대','14',26,3),(176,'동성재','ehdrjdwo1','홍성','간사','0',NULL,NULL),(177,'송희찬','ekthf7859','세종','고려대','14',5,3),(178,'허영혜','6913','공주','공주대','17',13,6),(179,'이하은','4041','대전','한남대','14',23,3),(180,'차재우','9311','세종','홍익대','15',5,3),(181,'박채은','8722','대전','우송대','15',2,3),(182,'서경원','1579','세종','고려대','14',25,4),(183,'김지원','ks258925!!','홍성','한서대','18',12,4),(184,'박석수','samuel1209','대전','대전대','17',24,3),(185,'이은지','qqww10221022','대전','목원대','17',11,1),(186,'신지혜','s4220883','공주','공주대','18',24,5),(187,'김태성','xotjd332tae','대전','충남대','16',3,3),(188,'전에스더','2580znfrjf','대전','우송대','17',NULL,NULL),(189,'장윤지','0000','홍성','청운대','18',16,5),(190,'한사론','1424','천안','백석대','16',11,6),(191,'성윤제','1234','천안','간사','10',NULL,NULL),(192,'고재영','sprite151','천안','백석대','18',16,5),(193,'진의준','0909','세종','고려대','16',NULL,1),(194,'허나연','990617a','대전','중부대','18',11,4),(195,'최정진','joelchoinx9079','대전','중부대','18',6,5),(196,'김다은','icandoit1!','천안','단국대','16',5,3),(197,'진인엽','0733','천안','단국대','10',NULL,NULL),(198,'김지희','dowmd1','천안','단국대','16',13,3),(199,'정윤희','12345','홍성','혜전대','16',18,3),(200,'이승학','3236','천안','백석대','12',16,1),(201,'송하영','7042','천안','백석문화대','18',3,4),(202,'정근호','0021','홍성','간사','0',NULL,NULL),(203,'조선영','3480','천안','단국대','15',13,3),(204,'김지수','9151','천안','백석문화대','18',16,5),(205,'정예찬','142857','천안','남서울대','14',26,3),(206,'박재욱','4321jaeuk32','대전','충남대','18',3,3),(207,'김소진','ksj717','천안','백석문화대','18',3,4),(208,'이정은','990120','대전','충남대','18',5,3),(209,'서순종','965432','천안','공주대천안','14',12,4),(210,'유주찬','lizzy920731','천안','단국대','12',3,4),(211,'길현지','mmiracle1004!','천안','단국대','18',11,3),(212,'온평화','p2118102','천안','백석대','18',11,3),(213,'박희준','junall100','천안','단국대','17',11,3),(214,'백현우','gusdn17','천안','호서대아산','13',24,3),(215,'김학준','hh1805427','천안','백석대','17',11,6),(216,'김가영','3269','천안','단국대','17',26,1),(217,'서상민','tjtkdals31','천안','백석대','16',3,3),(218,'박상엽','flacnswo214','천안','단국대','18',5,1),(219,'김주은','01022720806','천안','백석대','16',5,3),(220,'추진주','0803','천안','공주대예산','16',25,2),(221,'김슬바건','1234','천안','백석대','17',12,3),(222,'주혜원','9049','홍성','한서대','18',12,4),(223,'황효빈','8060','천안','공주대천안','12',4,3),(224,'김채현','84747969','천안','백석문화대','18',3,4),(226,'이진호','1800','천안','단국대','17',9,4),(227,'박한동','123456','홍성','한서대','12',12,4),(228,'김영서','petunia318','천안','호서대천안','14',13,1),(229,'김민승','980122','천안','백석대','17',3,1),(230,'전현빈','0615','천안','단국대','18',25,3),(231,'조수진','9729','천안','백석대','17',8,4),(232,'강민경','0123','천안','공주대예산','15',22,6),(233,'김요엘','1204','천안','단국대','15',13,6),(234,'이은총','0213','천안','공주대예산','17',3,6),(235,'김무현','a6310850','대전','한밭대','15',15,2),(236,'손명서','audtj2399','천안','공주대천안','18',3,5),(237,'이승선','2596','천안','백석문화대','15',24,3),(238,'육제준','wpwns03@','천안','백석대','18',26,4),(239,'이하은','0248','홍성','한서대','16',2,3),(240,'오하은','dhfid3576','천안','공주대예산','18',3,6),(241,'이서영','miroka00!','세종','고려대','16',11,3),(242,'박민지','dkqk0214','세종','고려대','18',23,5),(243,'사공지수','4040','천안','백석대','18',11,3),(244,'황승연','tmddus3734','대전','충남대','16',13,3),(245,'고정화','rhwjdghk1','대전','한밭대','14',6,3),(246,'선혜원','941224','천안','백석대','13',4,3),(247,'김창대','kk4321','천안','단국대','17',15,3),(248,'신웅수','shinungsu33!!','대전','한밭대','17',16,3),(249,'장성민','159951','홍성','한서대','14',3,3),(250,'정민혁','01081003','대전','배재대','17',11,1),(251,'문시은','tldms3682#','천안','단국대','18',16,3),(252,'박상염','dlacnswo214','천안','단국대','18',12,1),(253,'천주석','225225','세종','고려대','16',3,4),(254,'김희경','gksksla12','천안','공주대예산','16',13,1),(255,'정한별','2364','천안','남서울대','16',11,2),(256,'한소라','0709','천안','남서울대','16',10,1),(257,'김영광','0719','천안','백석대','18',26,4),(258,'국재영','melong','천안','백석대','16',4,3),(259,'고수현','ukineko1215','천안','남서울대','18',3,3),(260,'조현직','jhj201800991','공주','공주대','18',14,5),(261,'이성우','1739','대전','한밭대','14',NULL,NULL),(262,'박하나','ryghl8615','천안','호서대천안','17',20,6),(263,'김은지','kj1997312','천안','백석문화대','16',12,3),(264,'김영기','rladudrl7','천안','남서울대','14',24,6),(265,'김성엽','263754','세종','고려대','13',13,4),(266,'이정훈','wjdgns2','천안','공주대천안','15',3,3),(267,'이주희','0802','홍성','한서대','15',3,3),(268,'박성헌','qkrtjdgjs12','천안','호서대아산','15',11,4),(269,'임수빈','0519','천안','순천향대','17',4,1),(270,'박준혁','wnsgur12','천안','순천향대','18',9,6),(271,'조하연','7188','천안','순천향대','15',26,4),(272,'채수지','1008','천안','순천향대','15',25,1),(273,'이영우','dlduddn1324','세종','홍익대','15',12,3),(274,'김은중','dmswnd3802','천안','순천향대','17',15,1),(275,'원아연','8454','천안','순천향대','17',25,6),(276,'양보미','5915','천안','백석대','17',26,3),(277,'한규형','921308','천안','순천향대','14',26,1),(278,'지예슬','aa01871148!','천안','순천향대','16',9,6),(279,'여진실','jinsil97!','기타','기타','18',3,6),(280,'윤현지','guswl0213','천안','단국대','18',10,3),(281,'김진','kimjinbi00','공주','공주대','18',24,5),(282,'천범진','cjdwn5035!','천안','공주대천안','17',9,4),(283,'김정환','1234','천안','순천향대','16',9,6),(284,'박지원','kidkan4_770','천안','순천향대','17',22,6),(285,'문우영','970901','천안','순천향대','16',12,NULL),(286,'장은혜','6189','천안','순천향대','14',13,4),(287,'박은지','dmswl0606','천안','백석문화대','17',12,4),(288,'박서영','psy7342!!!','천안','호서대천안','18',4,5),(289,'서예원','qwera7115','천안','순천향대','16',20,6),(290,'김지성','jisung346','공주','공주대','18',12,5),(291,'나혜성','kikumaru1','공주','공주대','16',11,1),(292,'김영주','451324','천안','남서울대','18',24,6),(293,'김지희','vntvnt2623!','천안','순천향대','16',24,4),(294,'김학찬','4784','대전','충남대','15',22,3),(295,'엄신영','4479','천안','순천향대','13',26,2),(296,'최윤진','xia12150604','공주','공주대','18',13,5),(297,'이혜영','1234','세종','고려대','18',26,3),(298,'박기범','4909','천안','상명대','15',7,4),(299,'양병진','average02','대전','배재대','14',20,1),(300,'유효민','0513','세종','고려대','18',24,5),(301,'이예진','5355','세종','고려대','14',5,1),(302,'심하늘','3927','천안','남서울대','18',13,5),(303,'정찬송','ip3733cx','대전','충남대','17',24,6),(304,'이진주','0557','세종','고려대','18',26,5),(305,'이재훈','jh910927**','천안','공주대천안','13',24,3),(306,'김지호','cf1867cf','천안','공주대천안','15',13,3),(307,'박주연','1234','천안','남서울대','15',23,4),(308,'김민기','alsoz820','대전','우송대','16',NULL,4),(309,'이하민','jeong0102','대전','건양대','18',4,5),(310,'김미혜','piano1004','대전','배재대','14',23,4),(311,'백종헌','890301','대전','충남대','10',NULL,NULL),(312,'김이슬','991115','대전','한밭대','18',26,3),(313,'빈성광','qlstjd741','천안','순천향대','14',25,1),(314,'안지혜','ska0228','공주','공주대','18',13,5),(315,'신현주','04168','대전','충남대','16',13,6),(316,'김안나','joker89','천안','백석대','17',8,4),(317,'류성웅','489895','대전','한밭대','18',26,3),(318,'정수연','jsy980912','천안','남서울대','17',11,4),(319,'박한결','gksruf33','세종','고려대','14',25,3),(320,'박예본','good1234','천안','공주대천안','17',24,6),(321,'배한음','rkddkwl0','대전','건양대','13',21,1),(322,'홍소연','thdus1013','천안','백석대','18',13,4),(323,'임수진','0421','천안','순천향대','15',20,4),(324,'오희영','1234','대전','한남대','15',9,1),(325,'문정기','1228','천안','순천향대','18',9,6),(326,'강예림','ehddbs123','천안','남서울대','18',13,5),(327,'허진희','jinhee0429','천안','공주대천안','16',NULL,NULL),(328,'김지원','320tksemf!','천안','백석문화대','18',13,4),(329,'김찬미','2189','대전','건양대','17',10,3),(330,'이동권','leedk446312','공주','공주대','12',11,2),(331,'배예지','zhddltkfkd11!','천안','호서대아산','18',4,4),(332,'권요셉','8829','세종','고려대','14',20,6),(333,'이승연','qq0123','세종','고려대','16',5,4),(334,'김도언','1103','공주','공주대','16',17,4),(335,'노성현','dptjs14*','대전','한밭대','18',11,4),(336,'이은','dldms84','대전','한밭대','14',22,4),(337,'최대현','canon5208','천안','순천향대','18',10,6),(338,'전소희','qwerty159753!^','대전','한밭대','14',24,1),(339,'김주이','9277','홍성','혜전대','18',20,4),(340,'서형은','6201','천안','호서대천안','18',25,1),(341,'김형우','QZQZ1111','천안','백석대','13',25,3),(342,'김동건','0929','대전','건양대','18',26,NULL),(343,'홍영락','altjr9902','천안','백석대','18',26,5),(344,'이현일','1165','대전','배재대','11',25,6),(345,'주동원','rpxl3374','천안','단국대','13',26,6),(346,'문초희','ab0085','대전','건양대','15',20,6),(347,'이혜빈','heidi981202','홍성','청운대','18',5,5),(348,'최현영','lovejjj','홍성','청운대','18',11,5),(349,'이용현','1234','공주','공주대','16',25,2),(350,'정호중','zkdlf1107','천안','순천향대','14',22,6),(351,'조은서','990701','세종','홍익대','18',11,4),(352,'문혜진','moonhj219!','천안','남서울대','17',11,4),(353,'김원용','yw2645','대전','카이스트','16',12,2),(354,'서유경','qmpz0z1m!','천안','나사렛대','18',7,4),(355,'이시온','0225','천안','나사렛대','11',NULL,NULL),(356,'강인구','rkd50015001','세종','고려대','16',23,1),(357,'이유진','0506','대전','과기대','16',6,6),(358,'윤건영','mirror520','천안','공주대천안','18',9,6),(359,'신정아','12345','대전','대전대','15',20,1),(360,'이규선','0418','대전','우송대','17',NULL,NULL),(361,'원규희','0127','천안','백석대','18',23,6),(362,'노유진','shdbwls990902','천안','나사렛대','18',13,4),(363,'김지혜','1234','대전','한밭대','16',23,2),(364,'김창훈','changhun123','공주','공주대','18',22,5),(365,'이효영','lhy091900','천안','공주대천안','16',NULL,NULL),(366,'고은지','8661','천안','순천향대','16',25,6),(367,'임예준','wns1629@','대전','한남대','18',NULL,NULL),(368,'김예찬','12345','천안','백석문화대','17',12,4),(369,'이지수','qwer4231','세종','홍익대','13',10,4),(370,'모우림','SYmo0221?','공주','공주교대','18',4,5),(371,'박지우','0324','공주','공주대','18',25,6),(372,'서누림','8984','대전','우송대','13',NULL,6),(373,'우준규','wnstkd0p','천안','호서대천안','18',2,5),(374,'최예은','jesus0','대전','배재대','16',7,6),(375,'dpfrnrl','qq0123','세종','고려대','16',NULL,NULL),(376,'노선래','hanm12','대전','한밭대','15',7,6),(377,'이지수','1877','대전','배재대','16',26,6),(378,'송유빈','cvfgrt224','세종','고려대','16',25,4),(379,'김지현','0396','대전','배재대','17',9,1),(380,'이한나','rnfma12','대전','건양대','16',18,1),(381,'신지은','5759','공주','공주교대','16',9,1),(382,'임지영','jk2800','천안','순천향대','17',26,1),(383,'안필현','1730','공주','공주대','18',11,5),(384,'박한나','3010','공주','공주교대','16',14,1),(385,'서효원','ahslxj1','천안','남서울대','14',26,1),(386,'강경호','skdkfk12','홍성','청운대','18',5,1),(387,'김성은','20131970','천안','호서대아산','13',23,2),(388,'윤수현','0109','천안','남서울대','15',9,1),(389,'황민영','2428','대전','한남대','18',12,5),(390,'박정원','wjddnjs8405','천안','공주대예산','17',26,4),(391,'이선호','leesho0191','대전','과기대','15',2,2),(392,'임주현','hus0321','대전','한남대','14',NULL,NULL),(393,'김지운','3937jwk','천안','단국대','17',11,4),(394,'김민주','1007','공주','공주교대','18',23,1),(395,'김유정','dbwjd12','대전','목원대','16',12,4),(396,'한보람','1234','천안','순천향대','17',9,NULL),(397,'이여진','1207','공주','공주교대','16',23,1),(398,'홍영진','a2468511!!','세종','고려대','12',NULL,NULL),(399,'유현민','dennis1021','홍성','청운대','18',15,1),(400,'이예은','yeye1227!','천안','백석대','18',11,5),(401,'김동민','s92059698s','대전','한밭대','18',11,4),(402,'이은혁','1112','대전','카이스트','17',17,2),(403,'이채영','8167','천안','나사렛대','15',12,1),(404,'민경완','782001','대전','카이스트','16',24,1),(405,'전우형','wooja124','천안','나사렛대','14',10,4),(406,'차베드로','qkstjr1370','세종','홍익대','18',9,4),(407,'김태우','1234','대전','한밭대','14',16,1),(408,'시동완','3196scsoo','천안','단국대','18',10,6),(409,'곽수지','1234','천안','단국대','12',NULL,NULL),(410,'김동현','asdf1234','천안','공주대천안','18',NULL,NULL),(411,'가이머','237r7','공주','공주대','12',NULL,NULL),(412,'신우성','2458','세종','홍익대','18',3,4),(413,'박정환','1524','세종','홍익대','16',9,4),(414,'오주영','gloria8602','세종','고려대','17',22,1),(415,'박주연','pppp2525','세종','고려대','17',16,4),(416,'도은서','jeun26041736','세종','홍익대','18',9,4),(417,'이제원','wldyd47','대전','한남대','18',2,5),(418,'김민용','156249','대전','한남대','15',9,6),(419,'고은빛','dudnqldi425','세종','홍익대','18',16,4),(420,'황혜인','gd@@9839625','천안','백석대','16',23,6),(422,'전주희','jh413109','천안','백석대','18',11,1),(423,'김종인','959595','대전','카이스트','17',11,6),(424,'곽세영','0622','공주','공주대','18',NULL,NULL),(425,'ㅇㅇㅇㅇ','pqp','대전','과기대','11',NULL,NULL),(426,'나경호','960606','천안','호서대아산','15',22,2),(427,'김주운','a0oc97642','천안','백석대','16',NULL,NULL),(428,'김성도','71051','공주','간사','10',NULL,NULL),(429,'방하영','k7410233','공주','공주교대','16',NULL,1),(430,'유은혜','1716','공주','공주교대','16',NULL,1),(431,'강기찬','26c364124@','세종','고려대','14',5,2),(432,'현주원','heart','세종','홍익대','10',NULL,NULL),(433,'하예나','1217','세종','간사','0',NULL,NULL),(434,'이하은','1003','세종','간사','10',NULL,NULL),(435,'이한결','gks1004*','세종','홍익대','14',NULL,NULL),(436,'박성우','qscv4412','세종','홍익대','17',9,4),(437,'정민주','jmj10338','대전','대전대','17',7,5),(439,'박주민','sd979915','세종','고려대','18',25,4),(440,'이성범','0806','세종','고려대','17',22,1),(441,'나지혜','na98041500','세종','고려대','17',20,1),(442,'정소림','tmxk0418','대전','간사','10',NULL,NULL),(443,'장희영','etos!7128','세종','홍익대','17',16,1),(444,'조영은','3654','천안','연암대','18',18,1),(445,'유지연','784951','천안','연암대','18',7,1),(447,'곽예진','042204k','천안','나사렛대','18',13,4),(448,'이한봄','gks3692098','세종','홍익대','0',NULL,6),(450,'이창세','1633','대전','간사','10',NULL,NULL),(451,'이지혜','etet57','공주','공주대','17',25,6),(452,'김혜영','q7w8e9r4','공주','공주대','18',18,5),(453,'장성환','wkd7871','대전','충남대','16',17,1),(454,'강성철','tjdcjf1004','대전','간사','10',NULL,NULL),(455,'구은본','ccm78gu53','천안','순천향대','18',10,6),(456,'장현아','03winner30','천안','순천향대','15',10,4),(457,'이예담','rlqm1004','천안','순천향대','17',10,1),(458,'이나은','2511','대전','간사','12',NULL,NULL),(459,'원종현','9092','홍성','한서대','13',7,4),(460,'차한별','chb1663927!','천안','백석대','18',18,4),(461,'glory0523','dudrhkd523','세종','홍익대','14',NULL,NULL),(462,'한은진','20180421','대전','한남대','18',7,4),(463,'김종철','1234','대전','간사','0',NULL,NULL),(464,'김수현','789456','대전','한남대','15',26,1),(465,'유하은','080900!','대전','배재대','14',24,6),(466,'김연찬','duscks15@','대전','배재대','18',16,6),(467,'정혜영','dhfkddl10','대전','한남대','14',NULL,NULL),(468,'박진','663927','대전','한남대','15',9,6),(469,'정영민','sook4500','대전','한남대','17',NULL,NULL),(470,'이채미','0502','세종','고려대','14',1,4),(471,'김서연','tjdus1209','세종','고려대','12',12,4),(472,'김예지','dPwl9124^^','대전','배재대','13',2,4),(473,'채규병','coring!8651','대전','건양대','15',12,4),(474,'윤상혁','magic19','세종','고려대','12',NULL,NULL),(475,'천혜빈','4fkdgody!!','대전','한남대','15',9,6),(476,'황지훈','smw04016','대전','배재대','16',16,1),(477,'신지현','sangmin725','대전','한남대','18',3,5),(478,'김보라','7107','대전','한남대','13',NULL,NULL),(479,'김종렬','12345','대전','한밭대','15',20,6),(481,'김민규','6413kk#','대전','중부대','18',26,5),(482,'민재홍','2018390578','세종','고려대','18',26,1),(483,'김성민','1234','대전','한남대','18',2,1),(484,'천금성','cheon2053','대전','배재대','14',3,1),(485,'류서현','fbtjgus9934','세종','고려대','18',12,4),(486,'김건준','2018390127','세종','고려대','18',15,NULL),(487,'qo00153','gksruf33','세종','고려대','14',NULL,NULL),(488,'이정희','4389','대전','우송대','17',NULL,NULL),(489,'차찬미','999999','대전','목원대','18',9,4),(490,'최의진','990130','세종','고려대','18',20,6),(491,'박은민','1q2w3e4r','천안','호서대아산','18',23,5),(492,'김주인','3203372wndls!','천안','상명대','17',26,4),(493,'최민','als147258!','천안','상명대','17',26,6),(494,'조현지','guswl9677','대전','배재대','17',9,1),(495,'형동희','kskness23','세종','간사','10',NULL,NULL),(496,'양진우','jinwoo1jw','대전','건양대','18',25,5),(497,'박현진','guswls2867','대전','건양대','18',25,5),(498,'서유진','dbwls103042','대전','건양대','18',NULL,NULL),(499,'권준영','asdfjkl777','대전','건양대','18',13,5),(500,'박소리','qkrthfl9114','대전','건양대','18',NULL,5),(501,'조훈','whgns3619!','천안','백석문화대','18',14,5),(502,'이창세','1633','대전','충남대','10',NULL,NULL),(503,'신현아','8720','대전','간사','13',NULL,NULL),(504,'한명호','gksaudgh990628','세종','고려대','18',21,4),(505,'백화평','sd1546007','세종','고려대','17',7,NULL),(506,'안현아','gusdk5652','홍성','혜전대','18',13,1),(507,'민고은','als1rh2dms3','홍성','한서대','18',6,5),(508,'zspdlqjxv','xodrn4909','천안','상명대','15',NULL,4),(509,'홍혜진','hhj6456','천안','나사렛대','16',10,4),(510,'장서영','hahajjang98','세종','고려대','18',25,6),(511,'이수연','200600dl','대전','과기대','16',NULL,NULL),(512,'서예린','skdi__9244','천안','나사렛대','13',NULL,1),(513,'박상준','qlalfqjsgh','천안','백석대','13',2,1),(514,'조아라','dkfkDKFK1!','공주','공주대','17',25,6),(515,'최다안','8015aa','천안','호서대아산','18',9,5),(516,'최성경','0703s','천안','남서울대','15',NULL,NULL),(517,'심온','17100138','천안','남서울대','17',26,1),(518,'이예본','8263','천안','남서울대','15',13,NULL),(519,'이성경','0410','천안','남서울대','17',26,4),(520,'최원준','dnjswns99','천안','상명대','18',NULL,5),(521,'곽수지','7611','천안','상명대','0',NULL,NULL),(522,'백재연','bjbj13','공주','공주대','17',13,6),(523,'양진솔','19966521gg','공주','공주대','15',2,4),(524,'박기연','qro123','천안','남서울대','18',NULL,NULL),(525,'정성은','1234','홍성','한서대','17',11,6),(526,'김승준','wkrdmswk^^1','천안','남서울대','18',20,1),(527,'박수빈','18100488','천안','남서울대','18',20,1),(528,'여진실','jinsil97!','천안','공주대예산','18',NULL,NULL),(529,'이종명','whdgns12.','천안','공주대예산','15',25,4),(530,'최순현','0000','천안','단국대','14',NULL,NULL),(531,'석희웅','201802266','천안','공주대예산','18',NULL,NULL),(532,'임예나','lyn990930','천안','순천향대','18',NULL,NULL),(533,'권태훈','1967','천안','순천향대','18',25,5),(534,'이요셉','6724','천안','순천향대','12',8,6),(535,'문주희','mjhe113','천안','순천향대','18',10,5),(536,'이승형','vhehfdl547!','공주','한국영상대','18',25,5),(537,'박예린','0317','천안','순천향대','17',NULL,NULL),(538,'김민서','20182170','천안','순천향대','18',10,5);
/*!40000 ALTER TABLE `Users` ENABLE KEYS */;
UNLOCK TABLES;
/*!40103 SET TIME_ZONE=@OLD_TIME_ZONE */;

/*!40101 SET SQL_MODE=@OLD_SQL_MODE */;
/*!40014 SET FOREIGN_KEY_CHECKS=@OLD_FOREIGN_KEY_CHECKS */;
/*!40014 SET UNIQUE_CHECKS=@OLD_UNIQUE_CHECKS */;
/*!40101 SET CHARACTER_SET_CLIENT=@OLD_CHARACTER_SET_CLIENT */;
/*!40101 SET CHARACTER_SET_RESULTS=@OLD_CHARACTER_SET_RESULTS */;
/*!40101 SET COLLATION_CONNECTION=@OLD_COLLATION_CONNECTION */;
/*!40111 SET SQL_NOTES=@OLD_SQL_NOTES */;

-- Dump completed on 2018-12-24  3:20:52
